{
   "content" : [
      {
         "path" : "entity/tnt_instant.entity.json"
      },
      {
         "path" : "entity/tnt_10.entity.json"
      },
      {
         "path" : "entity/tnt_diamond.entity.json"
      },
      {
         "path" : "models/entity/full_block.geo.json"
      },
      {
         "path" : "entity/tnt_ice.entity.json"
      },
      {
         "path" : "render_controllers/more_tnt.render_controllers.json"
      },
      {
         "path" : "texts/en_US.lang"
      },
      {
         "path" : "textures/blocks/tnt_10/tnt_10_side.png"
      },
      {
         "path" : "texts/languages.json"
      },
      {
         "path" : "textures/blocks/tnt_10/tnt_10_bottom.png"
      },
      {
         "path" : "textures/blocks/tnt_10/tnt_10_top.png"
      },
      {
         "path" : "textures/blocks/tnt_instant/tnt_instant_side.png"
      },
      {
         "path" : "textures/blocks/tnt_diamond/tnt_diamond_bottom.png"
      },
      {
         "path" : "textures/entity/tnt_instant.png"
      },
      {
         "path" : "textures/blocks/tnt_diamond/tnt_diamond_side.png"
      },
      {
         "path" : "textures/blocks/tnt_diamond/tnt_diamond_top.png"
      },
      {
         "path" : "textures/blocks/tnt_ice/tnt_ice_bottom.png"
      },
      {
         "path" : "textures/blocks/tnt_ice/tnt_ice_side.png"
      },
      {
         "path" : "textures/blocks/tnt_ice/tnt_ice_top.png"
      },
      {
         "path" : "textures/blocks/tnt_instant/tnt_instant_bottom.png"
      },
      {
         "path" : "pack_icon.png"
      },
      {
         "path" : "textures/blocks/tnt_instant/tnt_instant_top.png"
      },
      {
         "path" : "contents.json"
      },
      {
         "path" : "textures/entity/tnt_10.png"
      },
      {
         "path" : "textures/entity/tnt_diamond.png"
      },
      {
         "path" : "textures/entity/tnt_ice.png"
      },
      {
         "path" : "textures/terrain_texture.json"
      },
      {
         "path" : "textures/textures_list.json"
      },
      {
         "path" : "manifest.json"
      }
   ],
   "version" : 1
}
