{
    "format_version": "1.21.40",
    "minecraft:recipe_shaped": {
        "description": {
            "identifier": "douarmc:tnt_10"
        },
        "tags": ["crafting_table"],
        "pattern": [
            "X#X",
            "#T#",
            "X#X"
        ],
        "key": {
            "#": {
                "item": "minecraft:sand"
            },
            "X": {
                "item": "minecraft:gunpowder"
            },
            "T": {
                "item": "minecraft:tnt"
            }
        },
        "unlock": [
            {
                "item": "minecraft:tnt"
            }
        ],
        "result": [
            {
                "item": "douarmc:tnt_10",
                "count": 3
            }
        ]
    }
}