{
    "format_version": "1.21.40",
    "minecraft:recipe_shaped": {
        "description": {
            "identifier": "douarmc:tnt_ice"
        },
        "tags": ["crafting_table"],
        "pattern": [
            "ppp",
            "pTp",
            "ppp"
        ],
        "key": {
            "p": {
                "item": "minecraft:packed_ice"
            },
            "T": {
                "item": "minecraft:tnt"
            }
        },
        "unlock": [
            {
                "item": "minecraft:tnt"
            }
        ],
        "result": [
            {
                "item": "douarmc:tnt_ice",
                "count": 3
            }
        ]
    }
}