{
    "format_version": "1.21.40",
    "minecraft:recipe_shaped": {
        "description": {
            "identifier": "douarmc:tnt_diamond"
        },
        "tags": ["crafting_table"],
        "pattern": [
            "ddd",
            "dTd",
            "ddd"
        ],
        "key": {
            "d": {
                "item": "minecraft:diamond"
            },
            "T": {
                "item": "minecraft:tnt"
            }
        },
        "unlock": [
            {
                "item": "minecraft:tnt"
            }
        ],
        "result": [
            {
                "item": "douarmc:tnt_diamond",
                "count": 3
            }
        ]
    }
}