{
    "format_version": "1.21.0",
    "minecraft:recipe_shaped": {
        "description": {
            "identifier": "douarmc:tnt_instant_recipe"
        },
        "tags": ["crafting_table"],
        "pattern": [
            "RgR",
            "gTg",
            "RgR"
        ],
        "key": {
            "R": {
                "item": "minecraft:redstone_block"
            },
            "g": {
                "item": "minecraft:gunpowder"
            },
            "T": {
                "item": "minecraft:tnt"
            }
        },
        "unlock": [
            {
                "item": "minecraft:tnt"
            }
        ],
        "result": [
            {
                "item": "douarmc:tnt_instant",
                "count": 3
            }
        ]
    }
}