{
    "format_version": "1.20.50",
    "minecraft:block": {
        "description": {
            "identifier": "douarmc:tnt_diamond",
            "menu_category": {
                "category": "items"
            }
        },
        "components": {
            "tag:douarmc:tnt_custom": {},
            "minecraft:material_instances": {
                "*": {
                    "texture": "tnt_diamond_bottom"
                },
                "side": {
                    "texture": "tnt_diamond_side"
                },
                "up": {
                    "texture": "tnt_diamond_top"
                },
                "north": "side",
                "east": "side",
                "south": "side",
                "west": "side"
            }
        }
    }
}