{
    "format_version": "1.21.30",
    "minecraft:entity": {
        "description": {
            "identifier": "douarmc:tnt_10",
            "is_spawnable": false,
            "is_summonable": true,
            "properties": {
                "douarmc:is_flashing": {
                    "type": "bool",
                    "client_sync": true,
                    "default": false
                }
            }
        },

        "component_groups": {
            "douarmc:from_explosion": {
                "minecraft:explode": {
                    "fuse_length": {
                        "range_min": 0.5,
                        "range_max": 2.0
                    },
                    "fuse_lit": true,
                    "power": 40,
                    "causes_fire": false
                }
            }
        },

        "components": {
            "minecraft:type_family": {
                "family": ["tnt", "inanimate", "douarmc:more_tnt", "douarmc_addon"]
            },
            "minecraft:physics": {},
            "minecraft:pushable": {
                "is_pushable": false,
                "is_pushable_by_piston": false
            },
            "minecraft:conditional_bandwidth_optimization": {
                "default_values": {
                  "max_optimized_distance": 80.0,
                  "max_dropped_ticks": 5,
                  "use_motion_prediction_hints": true
                }
            },
            "minecraft:damage_sensor": {
                "triggers": {
                    "cause": "all",
                    "deals_damage": false
                }
            },
            "minecraft:explode": {
                "fuse_length": 4,
                "fuse_lit": true,
                "power": 40,
                "causes_fire": false
            }
        },

        "events": {
            "douarmc:from_explosion": {
                "add": {
                    "component_groups": [
                        "douarmc:from_explosion"
                    ]
                }
            }
        }
    }
}