{
    "resource_pack_name": "More TNT RP",
    "texture_name": "atlas.terrain",
    "padding": 8,
    "num_mip_levels": 4,
    "texture_data": {
        "douarmc:tnt_10_bottom": {
            "textures": "textures/blocks/tnt_10/tnt_10_bottom"
        },
        "douarmc:tnt_10_side": {
            "textures": "textures/blocks/tnt_10/tnt_10_side"
        },
        "douarmc:tnt_10_top": {
            "textures": "textures/blocks/tnt_10/tnt_10_top"
        },
        "douarmc:tnt_diamond_bottom": {
            "textures": "textures/blocks/tnt_diamond/tnt_diamond_bottom"
        },
        "douarmc:tnt_diamond_side": {
            "textures": "textures/blocks/tnt_diamond/tnt_diamond_side"
        },
        "douarmc:tnt_diamond_top": {
            "textures": "textures/blocks/tnt_diamond/tnt_diamond_top"
        },
        "douarmc:tnt_instant_bottom": {
            "textures": "textures/blocks/tnt_instant/tnt_instant_bottom"
        },
        "douarmc:tnt_instant_side": {
            "textures": "textures/blocks/tnt_instant/tnt_instant_side"
        },
        "douarmc:tnt_instant_top": {
            "textures": "textures/blocks/tnt_instant/tnt_instant_top"
        },
        "douarmc:tnt_ice_bottom": {
            "textures": "textures/blocks/tnt_ice/tnt_ice_bottom"
        },
        "douarmc:tnt_ice_side": {
            "textures": "textures/blocks/tnt_ice/tnt_ice_side"
        },
        "douarmc:tnt_ice_top": {
            "textures": "textures/blocks/tnt_ice/tnt_ice_top"
        }
    }
}