{
   "content" : [
      {
         "path" : "blocks/tnt_10.json"
      },
      {
         "path" : "blocks/tnt_diamond.json"
      },
      {
         "path" : "entities/tnt_instant.json"
      },
      {
         "path" : "entities/tnt_10.json"
      },
      {
         "path" : "blocks/tnt_ice.json"
      },
      {
         "path" : "manifest.json"
      },
      {
         "path" : "blocks/tnt_instant.json"
      },
      {
         "path" : "entities/tnt_diamond.json"
      },
      {
         "path" : "contents.json"
      },
      {
         "path" : "entities/tnt_ice.json"
      },
      {
         "path" : "scripts/entities/tnt_ice.js"
      },
      {
         "path" : "recipes/crafting/blocks/tnt_10.json"
      },
      {
         "path" : "recipes/crafting/blocks/tnt_diamond.json"
      },
      {
         "path" : "recipes/crafting/blocks/tnt_ice.json"
      },
      {
         "path" : "recipes/crafting/blocks/tnt_instant.json"
      },
      {
         "path" : "scripts/blocks/custom_components/custom_components.js"
      },
      {
         "path" : "scripts/blocks/groups/tags/more_tnt.js"
      },
      {
         "path" : "scripts/entities/groups/families/more_tnt.js"
      },
      {
         "path" : "scripts/entities/tnt_diamond.js"
      },
      {
         "path" : "scripts/utilities/datas.js"
      },
      {
         "path" : "scripts/entry.js"
      },
      {
         "path" : "scripts/utilities/utils_functions.js"
      },
      {
         "path" : "scripts/utilities/minecraft_utils_functions.js"
      },
      {
         "path" : "scripts/custom_components_registry.js"
      },
      {
         "path" : "scripts/exports.js"
      },
      {
         "path" : "texts/en_US.lang"
      },
      {
         "path" : "texts/languages.json"
      },
      {
         "path" : "contents/json"
      },
      {
         "path" : "pack_icon.png"
      }
   ],
   "version" : 1
}
