{
    "format_version": [1, 1, 0],
    "douarmc:tnt_10": {
        "textures": {
            "down": "tnt_10_bottom",
            "up": "tnt_10_top",
            "north": "tnt_10_side",
            "east": "tnt_10_side",
            "south": "tnt_10_side",
            "west": "tnt_10_side"
        }
    },
    "douarmc:tnt_diamond": {
        "textures": {
            "down": "tnt_diamond_bottom",
            "up": "tnt_diamond_top",
            "north": "tnt_diamond_side",
            "east": "tnt_diamond_side",
            "south": "tnt_diamond_side",
            "west": "tnt_diamond_side"
        }
    }
}