{
    "texture_name": "atlas.terrain",
    "padding": 8,
    "num_mip_levels": 4,
    "texture_data": {
        "tnt_10_bottom": {
            "textures": "textures/blocks/tnt_10/tnt_10_bottom"
        },
        "tnt_10_side": {
            "textures": "textures/blocks/tnt_10/tnt_10_side"
        },
        "tnt_10_top": {
            "textures": "textures/blocks/tnt_10/tnt_10_top"
        },
        "tnt_diamond_bottom": {
            "textures": "textures/blocks/tnt_diamond/tnt_diamond_bottom"
        },
        "tnt_diamond_side": {
            "textures": "textures/blocks/tnt_diamond/tnt_diamond_side"
        },
        "tnt_diamond_top": {
            "textures": "textures/blocks/tnt_diamond/tnt_diamond_top"
        }
    }
}