{
    "format_version": "1.21.30",
    "minecraft:block": {
        "description": {
            "identifier": "douarmc:tnt_instant",
            "menu_category": {
                "category": "items"
            }
        },
        "components": {
            "tag:douarmc:more_tnt": {},

            "minecraft:custom_components": [
                "douarmc:more_tnt"
            ],
            "minecraft:tick": {
                "interval_range": [0, 0],
                "looping": true
            },
            "minecraft:material_instances": {
                "*": {
                    "texture": "douarmc:tnt_instant_bottom"
                },
                "side": {
                    "texture": "douarmc:tnt_instant_side"
                },
                "up": {
                    "texture": "douarmc:tnt_instant_top"
                },
                "north": "side",
                "east": "side",
                "south": "side",
                "west": "side"
            },
            "minecraft:geometry": "minecraft:geometry.full_block"
        }
    }
}